<?xml version="1.0" encoding="UTF-8"?>
<beans xmlns="http://www.springframework.org/schema/beans"
    xmlns:xsi="http://www.w3.org/2001/XMLSchema-instance"
    xmlns:context="http://www.springframework.org/schema/context"
    xmlns:mvc="http://www.springframework.org/schema/mvc"
    xmlns:tx="http://www.springframework.org/schema/tx"
    xsi:schemaLocation="http://www.springframework.org/schema/beans
http://www.springframework.org/schema/beans/spring-beans.xsd
http://www.springframework.org/schema/context
http://www.springframework.org/schema/context/spring-context.xsd
http://www.springframework.org/schema/mvc
http://www.springframework.org/schema/mvc/spring-mvc.xsd
http://www.springframework.org/schema/tx
http://www.springframework.org/schema/tx/spring-tx.xsd">
    <!--General config -->
    <mvc:annotation-driven />
    <!-- Config Spring MVC Start -->
    <context:component-scan
        base-package="general.spring.mvc" />
    <!-- Enable annotation -->
    <context:annotation-config />
    <!-- Enable web mvc -->
    <mvc:annotation-driven />

    <bean id="viewResolver"
        class="org.springframework.web.servlet.view.InternalResourceViewResolver">
        <property name="prefix" value="/WEB-INF/views/" />
        <property name="suffix" value=".jsp" />
    </bean>

    <!-- Config Spring MVC End -->


    <!-- Config Spring MVC Spring Data JPA Start -->
    <!-- Hibernate Config -->
    <!-- DataSourse -->
    <bean id="dataSource"
        class="org.springframework.jdbc.datasource.DriverManagerDataSource">
        <property name="driverClassName"
            value="com.microsoft.sqlserver.jdbc.SQLServerDriver" />
        <property name="url"
            value="jdbc:sqlserver://localhost:1433;databaseName=Spring_General_Assignment" />
        <property name="username" value="sa" />
        <property name="password" value="1234567890" />
    </bean>

    <bean id="sessionFactory"
        class="org.springframework.orm.hibernate5.LocalSessionFactoryBean">
        <property name="dataSource" ref="dataSource" />
        <property name="packagesToScan"
            value="general.spring.mvc.entities" />
        <property name="hibernateProperties">
            <props>
                <prop key="hibernate.dialect">
                    org.hibernate.dialect.SQLServer2012Dialect
                </prop>
                <prop key="hibernate.hbm2ddl.auto">
                    update
                </prop>
                <prop key="hibernate.show_sql">true</prop>
                <prop key="hibernate.format_sql">true</prop>
            </props>
        </property>
    </bean>



    <bean id="transactionManager"
        class="org.springframework.orm.hibernate5.HibernateTransactionManager">
        <property name="sessionFactory" ref="sessionFactory" />
    </bean>
    <tx:annotation-driven
        transaction-manager="transactionManager" />
    
<!--     <bean id="messageSource"
        class="org.springframework.context.support.ReloadableResourceBundleMessageSource">
        <property name="basename" value="/i18n/message" />
    </bean> -->
    

    <!-- Config Spring MVC Spring Data JPA End -->

    <!-- Include JS or CSS files in a JSP page -->
    <mvc:resources mapping="/js/**" location="/js/"
        cache-period="31556926" />
</beans>